Thumbnails,Title,Quantity,SKU,Category,SubCategory
https://lh3.googleusercontent.com/d/1scV-2p0cNbCph3pRCPrE_UEtXYRBSOX8,Sim Mom (Leslie),1,108,Simulators,Adult
https://lh3.googleusercontent.com/d/1Hjh5HTxH8vuyGQ_Dlwz3WgTp9YbWBYZy,Sim Mom (Theresa),1,109,Simulators,Adult
https://lh3.googleusercontent.com/d/1CkDG4P5wRlIHMJPJ0RKxOj1djhLeooXs,Sim Baby (Simone DS),,104,Simulators,Infant
https://lh3.googleusercontent.com/d/1iLyPOkvcPVuGLfEOfbnCgMBEdEeq7PfX,Sim Junior (Goldy),,106,Simulators,Child
https://lh3.googleusercontent.com/d/1CxAet1qU_wqxwG3jgkd_yKpYPV9jhj5Q,Sim Junior (Jackie),,106,Simulators,Child
https://lh3.googleusercontent.com/d/12uGjdWibYnHaKWhU8EWbzk2xLqu_VaQo,Sim Newbie Classic (Greg),,110,Simulators,Infant
https://lh3.googleusercontent.com/d/1Nc0_jH-dRw_hHbS3yMKcLEggD31TdbVh,Sim Baby Classic (TDB),,105,Simulators,Infant
https://lh3.googleusercontent.com/d/1Lni1T2zLqgKkb_7ouUtznDvaHwm3DFvW,HAL 5 (Lefty),,102,Simulators,Child
https://lh3.googleusercontent.com/d/1r_Iqw4b8uhLkckAWSqZJQQX5BAyhEO_G,HAL 1 (Max),,101,Simulators,Child
https://lh3.googleusercontent.com/d/1QQYqk2_9QgI4T4hypG4LgUZhzxH9GIsk,HAL 1 (Frank),,101,Simulators,Child
https://lh3.googleusercontent.com/d/1qZEDKL3qUInoW8qOod1WhlJfMpzEp_i8,Premie HAL (Peter),,103,Simulators,Infant
https://lh3.googleusercontent.com/d/1c5vDmTrVrCk999NJSbxU4AVvIzfCbaXd,TraumaMan w/Surgical Abdomen,,207,Task Trainers,Multiple
https://lh3.googleusercontent.com/d/1_G4JeZDpTtK5_k4J-Hww8Qnc8P_EtohA,STGC-01,,811,All,Carts
https://lh3.googleusercontent.com/d/1_G4JeZDpTtK5_k4J-Hww8Qnc8P_EtohA,STGC-02,,811,All,Carts
https://lh3.googleusercontent.com/d/1_G4JeZDpTtK5_k4J-Hww8Qnc8P_EtohA,STGC-03,,811,All,Carts
https://lh3.googleusercontent.com/d/1_G4JeZDpTtK5_k4J-Hww8Qnc8P_EtohA,STGC-04,1,811,All,Carts
https://lh3.googleusercontent.com/d/1kqmEur3WdkKcys8kACvulQSbK2d09eeT,FFMC-01,,305,Task Trainers,Carts
https://lh3.googleusercontent.com/d/1kqmEur3WdkKcys8kACvulQSbK2d09eeT,FFMC-02,,305,Task Trainers,Carts
https://lh3.googleusercontent.com/d/1ZYw4j3oghsMCPTjhrPEB1iOfhHixghMg,CPRC-01,,304,Task Trainers,Carts
https://lh3.googleusercontent.com/d/1ZYw4j3oghsMCPTjhrPEB1iOfhHixghMg,CPRC-02,,304,Task Trainers,Carts
https://lh3.googleusercontent.com/d/1ZYw4j3oghsMCPTjhrPEB1iOfhHixghMg,CPRC-03,,304,Task Trainers,Carts
https://lh3.googleusercontent.com/d/1ZYw4j3oghsMCPTjhrPEB1iOfhHixghMg,CPRC-04,,304,Task Trainers,Carts
https://lh3.googleusercontent.com/d/13FcipOnARQfY2glOkE1iFgfWHP4tQdyN,IO Kit-01,,306,Task Trainers,Circulation
https://lh3.googleusercontent.com/d/13FcipOnARQfY2glOkE1iFgfWHP4tQdyN,IO Kit-02,,306,Task Trainers,Circulation
https://lh3.googleusercontent.com/d/1wbW_VrmOhdxYtRczTVL5WhMUw8jrvRJ6,Red Drug Bag %231,1,808,Simulated Equipment,Mock Medicine
https://lh3.googleusercontent.com/d/1j7MkkS0tNxercxzeyLIS5EpWznP47ZfK,Intubation Head Infant,4,204,Task Trainers,Airway
https://lh3.googleusercontent.com/d/1qUzVLUzz7NOGuD4rnks-JacJx5OaGM1V,Sim Monitor iPad Set of 2 %231,,809,Simulated Equipment,App
https://lh3.googleusercontent.com/d/1oZckN4RNm1P9XtvS3IJK918fqkxOxJp0,Sim Room 1 E617,,E617,Rooms,Simulation Rooms
https://lh3.googleusercontent.com/d/1np3j_y7BHxzstpj0LZg15UbW5B7esJod,Sim Room 2 E619,,E619,Rooms,Simulation Rooms
https://lh3.googleusercontent.com/d/1FCUVx7qASO4B_o0mKmdBfHdzv1jdrfZC,Sim Room 3 E621,,E621,Rooms,Simulation Rooms
https://lh3.googleusercontent.com/d/1NhefKsugwXQUVWlF5wmJDDg67fpfdtIO,Sim Room 4 E625,,E625,Rooms,Simulation Rooms
https://lh3.googleusercontent.com/d/1zbjHDGyWiE5EQwswaMpl-kiqxuAXCUy9,Debrief Room A E616,1,E616,Rooms,Debrief Rooms
https://lh3.googleusercontent.com/d/1k1VAG1S-rdcakJxYNOFidZkMVD-lKowZ,Debrief Room B E618,,E618,Rooms,Debrief Rooms
https://lh3.googleusercontent.com/d/1-xibhZ4Hzo1zYQatB3u4wh8bJKHZeW56,Debrief Room C E626,1,E626,Rooms,Classrooms
https://lh3.googleusercontent.com/d/1TwOHFEHHyfPIWov04tTrT7-f0qr63roG,Debrief Room D E627,,E627,Rooms,Debrief Rooms
https://lh3.googleusercontent.com/d/1GIVvzhnELNZO4HUnlBNLRmpvKCjZE5Fc,IV Task Trainer 01,,201,Task Trainers,Circulation
https://lh3.googleusercontent.com/d/1GIVvzhnELNZO4HUnlBNLRmpvKCjZE5Fc,IV Task Trainer 02,,201,Task Trainers,Circulation
https://lh3.googleusercontent.com/d/1GIVvzhnELNZO4HUnlBNLRmpvKCjZE5Fc,IV Task Trainer 03,,201,Task Trainers,Circulation
https://lh3.googleusercontent.com/d/1GIVvzhnELNZO4HUnlBNLRmpvKCjZE5Fc,IV Task Trainer 04,,201,Task Trainers,Circulation
https://lh3.googleusercontent.com/d/1GIVvzhnELNZO4HUnlBNLRmpvKCjZE5Fc,IV Task Trainer 05,,201,Task Trainers,Circulation
https://lh3.googleusercontent.com/d/1F1k-GpwqvSerTNDPqWjJjMQlzqeDwuwN,Ultrasound IV Task Trainer 01,,208,Task Trainers,Circulation
https://lh3.googleusercontent.com/d/1F1k-GpwqvSerTNDPqWjJjMQlzqeDwuwN,Ultrasound IV Task Trainer 02,,208,Task Trainers,Circulation
https://lh3.googleusercontent.com/d/1fscGlYqMfjZ6T71GyBMV99Ke9H9Rb5KH,Ancef,,501,Simulated Equipment,Mock Medicine
https://lh3.googleusercontent.com/d/1fscGlYqMfjZ6T71GyBMV99Ke9H9Rb5KH,Atropine,,501,Simulated Equipment,Mock Medicine
https://lh3.googleusercontent.com/d/1D-BPGvrLB3YnOPz_Rml_6v-oo-DxMOXj,BLS Stretcher 01,,302,Task Trainers,BLS
https://lh3.googleusercontent.com/d/1D-BPGvrLB3YnOPz_Rml_6v-oo-DxMOXj,BLS Stretcher 02,,302,Task Trainers,BLS
https://lh3.googleusercontent.com/d/1D-BPGvrLB3YnOPz_Rml_6v-oo-DxMOXj,BLS Stretcher 03,,302,Task Trainers,BLS
https://lh3.googleusercontent.com/d/1K0aXhGvM80qjf800tHb4YcwGs0jQQqw4,BLS Shelf Cart Extras,,301,Task Trainers,BLS
https://lh3.googleusercontent.com/d/1IPjAJ6fQOSjrPQpEWObYn1hmBuj_uYtv,Little Anne QCPR %2301,,202,Task Trainers,BLS
https://lh3.googleusercontent.com/d/1zdLdY0nqh71QkWg0tYMUojVs1dkcwtxd,Little Junior QCPR %2301,,206,Task Trainers,BLS
https://lh3.googleusercontent.com/d/1qWc1GTqpTPtdSrFKFpDofrFLypRnYby8,Little Baby QCPR,,205,Task Trainers,BLS
https://lh3.googleusercontent.com/d/10glwZ5cuPrFa8W8VjmQv4A1QOGJfLQnm,iPad 9,,604,Technology,Electronics
https://lh3.googleusercontent.com/d/1-LTnJVNnjxLiT2kSXlhZb7lOCP15MW-X,iPad mini,,605,Technology,Electronics
https://lh3.googleusercontent.com/d/1uE3KT6KX6LbVhnkxdztx2DrTMfkotpCz,Zoll Defibrillator %231,,403,Medical Devices,Circulation
https://lh3.googleusercontent.com/d/1RleskjGQtKztzvjM53VUP6thSrwz_hBS,Jabra 750 speaker JA01,,601,Technology,Electronics
https://lh3.googleusercontent.com/d/1RleskjGQtKztzvjM53VUP6thSrwz_hBS,Jabra 750 speaker JA02,,601,Technology,Electronics
https://lh3.googleusercontent.com/d/1RleskjGQtKztzvjM53VUP6thSrwz_hBS,Jabra 750 speaker JA03,,601,Technology,Electronics
https://lh3.googleusercontent.com/d/1qew6AdmVc_9VQeiXuwWSzRLoGR2cNTy4,Jabra Speaker 510 JA01,,603,Technology,Electronics
https://lh3.googleusercontent.com/d/1RleskjGQtKztzvjM53VUP6thSrwz_hBS,Jabra 750 speaker JA04,,601,Technology,Electronics
https://lh3.googleusercontent.com/d/1RleskjGQtKztzvjM53VUP6thSrwz_hBS,Jabra 750 speaker JA05,,601,Technology,Electronics
https://lh3.googleusercontent.com/d/1RleskjGQtKztzvjM53VUP6thSrwz_hBS,Jabra 750 speaker JA06,,601,Technology,Electronics
https://lh3.googleusercontent.com/d/1RleskjGQtKztzvjM53VUP6thSrwz_hBS,Jabra 750 speaker JA07,,601,Technology,Electronics
https://lh3.googleusercontent.com/d/1KtT7JBeyY0Rp3zcHgea52NygiNa8oNcg,Jabra Panacast 180 %231,,602,Technology,Electronics
https://lh3.googleusercontent.com/d/1KtT7JBeyY0Rp3zcHgea52NygiNa8oNcg,Jabra Panacast 180 %232,,602,Technology,Electronics
https://lh3.googleusercontent.com/d/1KtT7JBeyY0Rp3zcHgea52NygiNa8oNcg,Jabra Panacast 180 %233,,602,Technology,Electronics
https://lh3.googleusercontent.com/d/1N__oFLHnq2p38LA5AfdIEG_hedG19Dt4,Surface pro 7 ,,607,Technology,Electronics
https://lh3.googleusercontent.com/d/1J32N-KJPySw2x6Aii6U67OanqEB096Cl,Surface Pro 9,,608,Technology,Electronics
https://lh3.googleusercontent.com/d/13FcipOnARQfY2glOkE1iFgfWHP4tQdyN,IO Kit-03,,206,Task Trainers,Circulation
https://lh3.googleusercontent.com/d/1HJ5C6tFaWZ4V_xX4BXZ3pZNJ9UFqCP1n,WOW 1,1,402,Medical Devices,Electronics
https://lh3.googleusercontent.com/d/1Yql628tDmbPBSaLRRu-M1gRldxxjRoe3,Mock Crash Cart %231,1,807,Simulated Equipment,Carts
https://lh3.googleusercontent.com/d/10CcOHQsmcjtnG5c3YDAyuMnDIXupZGYP,Defib Cart %231,2,401,Medical Devices,Carts
https://lh3.googleusercontent.com/d/164cXdUwMLdxyLtfK8Ykz4af96v3Vl25k,Sim Ultrasound iPad Set %231,,810,Simulated Equipment,App
https://lh3.googleusercontent.com/d/1YYPrd8aWBPstHtIlwZ5cYrUcMJABhtfz,Mama Natalie %231,2,211,Task Trainers,Wearable
https://lh3.googleusercontent.com/d/1lhrTRsDLr3_UUPNyN7VHh6bC4OCHvLkc,Mama Birthie %231,1,210,Task Trainers,Wearable
https://lh3.googleusercontent.com/d/1qew6AdmVc_9VQeiXuwWSzRLoGR2cNTy4,Jabra Speaker 510 JA02,,603,Technology,Electronics
https://lh3.googleusercontent.com/d/1SFERlFlUeKN5AbeAoUWAIhIX5SZcUVKA,Premature Anne,1,111,Simulators,Infant
https://lh3.googleusercontent.com/d/19SHu57dBrb1gjqrjUaghfes0KS596O-D,Cricothyrotomy Trainer,1,209,Task Trainers,Airway
https://lh3.googleusercontent.com/d/1Lw0GzVr1lVdwhiE2t4tFFLNwSdYSMUfB,Chester Chest,1,212,Task Trainers,Circulation
https://lh3.googleusercontent.com/d/10p9lJ3n6vyWO4FHpit0-Nc7o7oh9en6P,Chest Drain Insertion Simulator,1,213,Task Trainers,Breathing
https://lh3.googleusercontent.com/d/1XTlIrnqu9fJ-xxme9POYUPVKinIzAD3K,Vascular Access Child,1,214,Task Trainers,Circulation
https://lh3.googleusercontent.com/d/1nJZDJAMlTwb7OhMfsQlwYzFGhtYIG876,Femoral Line Man,1,215,Task Trainers,Circulation
https://lh3.googleusercontent.com/d/1Iy6mwGuk0ivrLdJdXPB88F3-cPi4Ornj,Mini AED Trainer %231,1,502,Simulated Equipment,Circulation
https://lh3.googleusercontent.com/d/1wTyLTVdtgH-2yKSI8LreTofa8NzahtpA,ABC Box %231,2,503,Simulated Equipment,Breathing
https://lh3.googleusercontent.com/d/10KT2G7UWC_tUpodZf_qZ77teMTmccPIG,Pediatric Intubation Trainer Torso %231,3,216,Task Trainers,Airway
https://lh3.googleusercontent.com/d/190VOxpIyBfPO2nkJC847LZlMsSpog2XV,Baby Anne,11,217,Task Trainers,Manikins
https://lh3.googleusercontent.com/d/1-MTxI2ZFPpunL0f1dQLEdI4k9uWsbUMG,Resusci Junior Basic,2,218,Task Trainers,Manikins
https://lh3.googleusercontent.com/d/1-sY64G6NHB6v1_CeK0VLPvDE03Z6gK9A,Jaw Thrust Kyle CPR,3,219,Task Trainers,Manikins
https://lh3.googleusercontent.com/d/1dUEFt1jGLCteTugL-YmMcd9TiYWgFURo,Kim Newborn CPR,4,220,Task Trainers,Manikins
https://lh3.googleusercontent.com/d/1vTOoerSW5JAttcZP3R0eIJf3txr77A4f,Resusci Baby First Aid,1,221,Task Trainers,Manikins
https://lh3.googleusercontent.com/d/1fczj-Vpd49CvNeRbz7oVpbSOjNSk5tZ9,Baby Umbi %231,1,222,Task Trainers,Manikins
https://lh3.googleusercontent.com/d/1rn4XQqSdfA0PjS_MfkNQmwE1whbPXkK5,ResusMonitor,1,812,Simulated Equipment,App
https://lh3.googleusercontent.com/d/16Ls7uX9jNuTluKaYOYc3E721uiLjLrhQ,Simulated Ice Bag %231,1,813,Simulated Equipment,Prop
https://lh3.googleusercontent.com/d/1kZ9_fmLLn2rK3WBwKxBd22hXR4INNEdO,Simulated Glucometer %231,1,814,Simulated Equipment,App
https://lh3.googleusercontent.com/d/18wl6hriwUSuccXErRx9rq2ksqMjIEJLd,Ambu® SPUR® II – Disposable Resuscitator %231,1,405,Medical Devices,Breathing
https://lh3.googleusercontent.com/d/1J-gcxkWS5TARcoFGqE9MaZ8D9ZKB_XoC,ZOLL Adult A/A Pads - Real Demo - For Training Purposes Only %231,1,406,Medical Devices,Circulation
https://lh3.googleusercontent.com/d/1LttHcklUoUoeeIA6TAIiksG4paF_GlaP,ZOLL Pediatric A/A Pads - Real Demo - For Training Purposes Only %231,1,407,Medical Devices,Circulation
https://lh3.googleusercontent.com/d/16tTAkCu2AlO2-ouXl9eZfdFNQBgbvOso,ShockLink System %231,1,408,Simulated Equipment,App
https://lh3.googleusercontent.com/d/1EhHme1VhbgXK2SNT6eBEalTTXGWoRUWz,Mock Thermometer %231,1,409,Simulated Equipment,Prop
https://lh3.googleusercontent.com/d/15Y94Vj0wuTDfiCgo9VuCNzxi-Ngi-UGL,C Spine Hard Collar %231,1,410,Medical Devices,Prop
https://lh3.googleusercontent.com/d/1sqQEs81UUgdv2aqrhWhrptd1UqiMKZEd,TruBaby X %231,1,229,Task Trainers,Manikins
https://lh3.googleusercontent.com/d/1Reosewo6GyxZy9WVPhxY1XbN9hA07Xdd,Rhythm Generator 12-Lead ECG Simulator %231,1,411,Simulated Equipment,App
https://lh3.googleusercontent.com/d/1Ic3II0Ws4fHppzGeeI4_C-V0VDU2jtik,Mock Blood and Plasma Products,1,412,Simulated Equipment,Prop
https://lh3.googleusercontent.com/d/1icE6AGxNoBsxJ-sNWTE5ZcWkq8zC16Xu,Verathon GlideScope Monitor with Baton %231,1,413,Medical Devices,Circulation
https://lh3.googleusercontent.com/d/1WqOLOb_kcO6pQbgSFD3A5sTAqjKMAt73,Manikin Attire,1,414,Simulated Equipment,Prop
https://lh3.googleusercontent.com/d/1bueXwknZzirka7WdfRenyVOkWQgK2ghw,BD Bard Site Rite 6 %231,1,415,Medical Devices,Circulation
https://lh3.googleusercontent.com/d/1OwMFkoPFDh4Z5WiQW78NqSmJOhz5Xst2,IV Pole %231,6,416,Medical Devices,Circulation
https://lh3.googleusercontent.com/d/1r1uzTYkctzsGZM_pTke5zbAfMytOMz2J,Arrow EZ-IO Intraosseous Vascular Access System %231,4,417,Medical Devices,Circulation
https://lh3.googleusercontent.com/d/1dYQV1oG-pCLuX-VPEi1TW2x7jLXp8VtW,Resusci Anne First Aid Full Body %231,1,224,Task Trainers,Manikins
https://lh3.googleusercontent.com/d/1K07GM1NT4A46yMxrU5dldM0UfS_JmRHG,Lumbar Puncture Baby %231,1,225,Task Trainers,Circulation
https://lh3.googleusercontent.com/d/1DqRlYQFBdxITy-XHyIUV3eIxvfqEGMoY,Surgical Step Stools - Stackable and Interlock %231,22,418,Medical Devices,BLS
https://lh3.googleusercontent.com/d/1hBS5OzaAFfRuc3djjlJR-izKLYZ5BnrR,BenQ HT2050A 1080P Home Theater Projector %231,1,609,Technology,Electronics
https://lh3.googleusercontent.com/d/1-ORKM0fDJV_aHeRi42l46dH05iLUthPe,Hospital Stretcher %231,10,419,Medical Devices,Carts
https://lh3.googleusercontent.com/d/1CIMi9QaJ2yI3fFhA_CDET3cHnUqz3kX4,Pediatric Crib %231,1,420,Medical Devices,Carts
https://lh3.googleusercontent.com/d/1Eu3aNVsVtIMCNKQT7HdFZXbelR_pi55B,Intraosseous Access Knee Injection %231,1,226,Task Trainers,Circulation
https://lh3.googleusercontent.com/d/17Ak4GRToAB4TNOCjvjigqnOGKn2HqJSr,Left IO Leg Infant %231,1,227,Task Trainers,Circulation
https://lh3.googleusercontent.com/d/1jwfWDO3c-wAPH_AqDjGZ7HETwp1daP4S,Pediatric Intraosseous Leg %231,1,228,Task Trainers,Circulation
https://lh3.googleusercontent.com/d/1nGBx_xoB4cccF5ysw4ln6j4qlDCDrqHn,Fujitsu Tablet PC,1,610,Technology,Electronics
https://lh3.googleusercontent.com/d/1LHJAc72m4jHw3Dn9wYpPZjxXtiEQwkgW,Blood Clots,4,421,Simulated Equipment,Prop
https://lh3.googleusercontent.com/d/1KN3PS2SuhqtaaScshx6LcHd4PTqg_yUl,Scrubs XS,1,422,Medical Devices,Prop
https://lh3.googleusercontent.com/d/11qnwzgiRK_MHFwWG5_JSDo8VK3i0ThHH,SkillGuide %231,1,223,Task Trainers,BLS
https://lh3.googleusercontent.com/d/1mJVoujspUxQ52w4vjFMnHC_RfrOWusIo,PALS Documents Bin,1,701,Course Materials,Documents
https://lh3.googleusercontent.com/d/1XOw25akT8NNg1qjypaqg8p9cKUjhgf1u,PALS Video,1,702,Course Materials,Video Files
https://lh3.googleusercontent.com/d/1ZYw4j3oghsMCPTjhrPEB1iOfhHixghMg,CPRC-05,,304,Task Trainers,Carts
https://lh3.googleusercontent.com/d/1Oc3hWA-KZQ5KQo5_EKcoRdWHNK5YpEy5,Reflex Hammer %231,1,424,Medical Devices,Diagnostic
https://lh3.googleusercontent.com/d/1n6KRKO60IsqM-BX20A0p7D1086EwvaCx,Bedside Table %231,1,700,Furniture,Tables
https://lh3.googleusercontent.com/d/1sfk4itNsBo4met4AzK2dPEcT3oSEwqdw,Chair %231,99,703,Furniture,Seating
https://lh3.googleusercontent.com/d/1nbfGZlF_DRMmhPW-m2WhWnyo4_GbEUrR,Desk Table %231,29,704,Furniture,Tables
https://lh3.googleusercontent.com/d/1HJ5C6tFaWZ4V_xX4BXZ3pZNJ9UFqCP1n,WOW %232,1,402,Medical Devices,Electronics
https://lh3.googleusercontent.com/d/1HJ5C6tFaWZ4V_xX4BXZ3pZNJ9UFqCP1n,WOW %233,1,402,Medical Devices,Electronics
https://lh3.googleusercontent.com/d/1HJ5C6tFaWZ4V_xX4BXZ3pZNJ9UFqCP1n,WOW %234,1,402,Medical Devices,Electronics
https://lh3.googleusercontent.com/d/1sfk4itNsBo4met4AzK2dPEcT3oSEwqdw,Chair %232,1,703,Furniture,Seating
,E111,1,E111,Rooms,Clinical Skill Rooms
,E604,1,E604,Rooms,Clinical Skill Rooms
,E604A,1,E604A,Rooms,Clinical Skill Rooms
,E605,1,E605,Rooms,Classrooms
,E606,1,E606,Rooms,Clinical Skill Rooms
,E607,1,E607,Rooms,Clinical Skill Rooms
,E608,1,E608,Rooms,Clinical Skill Rooms
,E609,1,E609,Rooms,Clinical Skill Rooms
,CPR Skills Room E610,1,E610,Rooms,Clinical Skill Rooms
,Storage 4 E611,1,E611,Rooms,Clinical Skill Rooms
,Storage 1 E612,1,E612,Rooms,Clinical Skill Rooms
,Storage 2 E614,1,E614,Rooms,Clinical Skill Rooms
,Sim Admin Office E615,1,E615,Rooms,Clinical Skill Rooms
,Storage 3 E620,1,E620,Rooms,Clinical Skill Rooms
https://lh3.googleusercontent.com/d/1PcWIa4RIzO3lk-9is3JuadmJMT_Fr9OM,Suture Pad %231,1,234,Task Trainers,DIY
,Broncoscopy,1,,Medical Devices,Airway
https://lh3.googleusercontent.com/d/1PU1f0t0BQ0gnZ4uaM8rPEwkEyv272qAP,Sim Baby (LS),,104,Simulators,Infant
https://lh3.googleusercontent.com/d/10CcOHQsmcjtnG5c3YDAyuMnDIXupZGYP,Defib Cart 2,1,401,Medical Devices,Carts
https://lh3.googleusercontent.com/d/1VhQO5Sqx6x97efPTnKcTJkwMcudybiQ5,Sim Baby (MS),,104,Simulators,Infant
,DC,1,901,Human Resources,Sim Educators
,PM,1,901,Human Resources,Sim Educators
,JS,1,902,Human Resources,Sim Technologists
,SS,1,902,Human Resources,Sim Technologists
,HE,1,902,Human Resources,Sim Technologists
,TC,1,902,Human Resources,Sim Technologists
,SD,1,902,Human Resources,Sim Technologists
,SB,1,901,Human Resources,Sim Educators
,Intern A,1,901,Human Resources,Sim Educators
https://lh3.googleusercontent.com/d/1YuSA_tAzT_nHmsLgIh-WyBli3u54NLVN,Airsim Advanced Bronchi X Adult %231,1,230,Task Trainers,Airway
https://lh3.googleusercontent.com/d/1rhfMcKk51OCrA0wqNLPH3LbZd0vC1wHK,AirSim Bronchi Adult %231,1,231,Task Trainers,Airway
https://lh3.googleusercontent.com/d/1zd1zU8yHCmSSIjjIxiYWWux7F-U32eBb,Pediatric Lumbar Puncture Simulator II %231,1,235,Task Trainers,Circulation
https://lh3.googleusercontent.com/d/1AkFkFGr2UgTaRclq1VRdx-uHsnuDilTP,Pediatric Lumbar Puncture Tray Kit %231,1,425,Medical Devices,Circulation
https://lh3.googleusercontent.com/d/1qUzVLUzz7NOGuD4rnks-JacJx5OaGM1V,Sim Monitor iPad Set of 2 %232,,809,Simulated Equipment,App
https://lh3.googleusercontent.com/d/1qUzVLUzz7NOGuD4rnks-JacJx5OaGM1V,Sim Monitor iPad Set of 2 %233,,809,Simulated Equipment,App
https://lh3.googleusercontent.com/d/1qUzVLUzz7NOGuD4rnks-JacJx5OaGM1V,Sim Monitor iPad Set of 2 %234,,809,Simulated Equipment,App
https://lh3.googleusercontent.com/d/1zd1zU8yHCmSSIjjIxiYWWux7F-U32eBb,Pediatric Lumbar Puncture Simulator II %232,1,235,Task Trainers,Circulation
https://lh3.googleusercontent.com/d/1-MTxI2ZFPpunL0f1dQLEdI4k9uWsbUMG,Resusci Junior Basic %232,2,218,Task Trainers,Manikins
https://lh3.googleusercontent.com/d/1-MTxI2ZFPpunL0f1dQLEdI4k9uWsbUMG,Manikin Junior Boy (Unknown),2,218,Task Trainers,Manikins
https://lh3.googleusercontent.com/d/1D_2LSGm-F9gcR3II_lkeGpPhjrmY_4TC,Sim NewB LS,1,112,Simulators,Infant
https://lh3.googleusercontent.com/d/17nzeCX62ElNiyOR5-wV1XXAeR-2xLyWV,Sim NewB DS,1,112,Simulators,Infant
https://lh3.googleusercontent.com/d/11OJTaxD6Ofj8dDXLv2WOR6SfcGgIhnp8,Nursing Anne African Descent,1,113,Simulators,Adult
https://lh3.googleusercontent.com/d/1CWzXpziPxYzskzcrjmI3M3H462JajUN4,Advanced Venipuncture Arm 1 (Light Skin Tone),1,236,Task Trainers,Circulation
https://lh3.googleusercontent.com/d/1CWzXpziPxYzskzcrjmI3M3H462JajUN4,Advanced Venipuncture Arm 2 (Light Skin Tone),1,236,Task Trainers,Circulation
https://lh3.googleusercontent.com/d/1CWzXpziPxYzskzcrjmI3M3H462JajUN4,Advanced Venipuncture Arm 5 (Light Skin Tone),1,236,Task Trainers,Circulation
https://lh3.googleusercontent.com/d/1CWzXpziPxYzskzcrjmI3M3H462JajUN4,Advanced Venipuncture Arm 8 (Light Skin Tone) Mat/Newborn,1,236,Task Trainers,Circulation
https://lh3.googleusercontent.com/d/1iu98ZVE-lBlCyBRGhebSlQ0Fwwtb-tDR,Advanced Venipuncture Arm 3 (Dark Skin Tone),1,236,Task Trainers,Circulation
https://lh3.googleusercontent.com/d/1iu98ZVE-lBlCyBRGhebSlQ0Fwwtb-tDR,Advanced Venipuncture Arm 4 (Dark Skin Tone),1,236,Task Trainers,Circulation
https://lh3.googleusercontent.com/d/1iu98ZVE-lBlCyBRGhebSlQ0Fwwtb-tDR,Advanced Venipuncture Arm 6 (Dark Skin Tone),1,236,Task Trainers,Circulation
https://lh3.googleusercontent.com/d/1iu98ZVE-lBlCyBRGhebSlQ0Fwwtb-tDR,Advanced Venipuncture Arm 7 (Dark Skin Tone) Mat/Newborn,1,236,Task Trainers,Circulation
https://lh3.googleusercontent.com/d/101ti9aZDjOD23nRpnVXtSnjbOE3rAf0-,ART LINE Life/Form Pediatric Arm Light,1,237,Task Trainers,Circulation
https://lh3.googleusercontent.com/d/1_bJvDhvm-G0Q93GaPae7jCxGnEFT5-oL,Smallrig Clamp A,1,611,Technology,Mounts
https://lh3.googleusercontent.com/d/1HyrYcBeLLC8KgpwwdkdLVRxp85c5PnWX,Smallrig Articulating Arm %232,1,612,Technology,Mounts
https://lh3.googleusercontent.com/d/1HyrYcBeLLC8KgpwwdkdLVRxp85c5PnWX,Smallrig Articulating Arm %231,1,612,Technology,Mounts
https://lh3.googleusercontent.com/d/11Ad9gZ0wOAhrU0vA1dgtutuaVj6FLnmR,IV Bag and Drain Setup %231,1,238,Task Trainers,Circulation
https://lh3.googleusercontent.com/d/1_bJvDhvm-G0Q93GaPae7jCxGnEFT5-oL,Smallrig Clamp B,1,611,Technology,Mounts
https://lh3.googleusercontent.com/d/1HyrYcBeLLC8KgpwwdkdLVRxp85c5PnWX,Smallrig Articulating Arm %233,1,612,Technology,Mounts
https://lh3.googleusercontent.com/d/1HyrYcBeLLC8KgpwwdkdLVRxp85c5PnWX,Smallrig Articulating Arm %234,1,612,Technology,Mounts
https://lh3.googleusercontent.com/d/1HyrYcBeLLC8KgpwwdkdLVRxp85c5PnWX,Smallrig Articulating Arm %235,1,612,Technology,Mounts
https://lh3.googleusercontent.com/d/1HyrYcBeLLC8KgpwwdkdLVRxp85c5PnWX,Smallrig Articulating Arm %236,1,612,Technology,Mounts
https://lh3.googleusercontent.com/d/1HyrYcBeLLC8KgpwwdkdLVRxp85c5PnWX,Smallrig Articulating Arm %237,1,612,Technology,Mounts
https://lh3.googleusercontent.com/d/1HyrYcBeLLC8KgpwwdkdLVRxp85c5PnWX,Smallrig Articulating Arm %238,1,612,Technology,Mounts
https://lh3.googleusercontent.com/d/1_bJvDhvm-G0Q93GaPae7jCxGnEFT5-oL,Smallrig Clamp C,1,611,Technology,Mounts
https://lh3.googleusercontent.com/d/1_bJvDhvm-G0Q93GaPae7jCxGnEFT5-oL,Smallrig Clamp D,1,611,Technology,Mounts
https://lh3.googleusercontent.com/d/1_bJvDhvm-G0Q93GaPae7jCxGnEFT5-oL,Smallrig Clamp E,1,611,Technology,Mounts
https://lh3.googleusercontent.com/d/1_bJvDhvm-G0Q93GaPae7jCxGnEFT5-oL,Smallrig Clamp F,1,611,Technology,Mounts
https://lh3.googleusercontent.com/d/1_bJvDhvm-G0Q93GaPae7jCxGnEFT5-oL,Smallrig Clamp G,1,611,Technology,Mounts
https://lh3.googleusercontent.com/d/1_bJvDhvm-G0Q93GaPae7jCxGnEFT5-oL,Smallrig Clamp H,1,611,Technology,Mounts
https://lh3.googleusercontent.com/d/1iIM2nbQCmtOQDj6LCMyWcYNgy4bOjc9O,Power Bank %231 Backup Battery Charmast 10400mAh,1,613,Technology,Electronics
https://lh3.googleusercontent.com/d/1iIM2nbQCmtOQDj6LCMyWcYNgy4bOjc9O,Power Bank %232 Backup Battery Charmast 10400mAh,1,613,Technology,Electronics
https://lh3.googleusercontent.com/d/1cuJnYLn1vNQ6ZFkl-Ml0nS0sldag85hw,Clean Bleed Mat %231,1,239,Task Trainers,Circulation
https://lh3.googleusercontent.com/d/1cuJnYLn1vNQ6ZFkl-Ml0nS0sldag85hw,Clean Bleed Mat %232,1,239,Task Trainers,Circulation
https://lh3.googleusercontent.com/d/1NNcCkcBaVAfbT5qKcsHSfEES7spikNvh,Stryker 5050 Stretcher Chair %231,1,426,Medical Devices,Carts
https://lh3.googleusercontent.com/d/11Ad9gZ0wOAhrU0vA1dgtutuaVj6FLnmR,IV Bag and Drain Setup %232,1,238,Task Trainers,Circulation
https://lh3.googleusercontent.com/d/11Ad9gZ0wOAhrU0vA1dgtutuaVj6FLnmR,IV Bag and Drain Setup %233,1,238,Task Trainers,Circulation
https://lh3.googleusercontent.com/d/11Ad9gZ0wOAhrU0vA1dgtutuaVj6FLnmR,IV Bag and Drain Setup %234,1,238,Task Trainers,Circulation
https://lh3.googleusercontent.com/d/11Ad9gZ0wOAhrU0vA1dgtutuaVj6FLnmR,IV Bag and Drain Setup %235,1,238,Task Trainers,Circulation
https://lh3.googleusercontent.com/d/11Ad9gZ0wOAhrU0vA1dgtutuaVj6FLnmR,IV Bag and Drain Setup %236,1,238,Task Trainers,Circulation
https://lh3.googleusercontent.com/d/11Ad9gZ0wOAhrU0vA1dgtutuaVj6FLnmR,IV Bag and Drain Setup %237,1,238,Task Trainers,Circulation
https://lh3.googleusercontent.com/d/11Ad9gZ0wOAhrU0vA1dgtutuaVj6FLnmR,IV Bag and Drain Setup %238,1,238,Task Trainers,Circulation
https://lh3.googleusercontent.com/d/11Ad9gZ0wOAhrU0vA1dgtutuaVj6FLnmR,IV Bag and Drain Setup %239,1,238,Task Trainers,Circulation
https://lh3.googleusercontent.com/d/11Ad9gZ0wOAhrU0vA1dgtutuaVj6FLnmR,IV Bag and Drain Setup %2310,1,238,Task Trainers,Circulation
https://lh3.googleusercontent.com/d/11Ad9gZ0wOAhrU0vA1dgtutuaVj6FLnmR,IV Bag and Drain Setup %2311,1,238,Task Trainers,Circulation
https://lh3.googleusercontent.com/d/1CeEBSe6SYNa05NFhqWf4qUuHpbzkc9uP,SimPad Plus %231,1,614,Technology,Electronics
https://lh3.googleusercontent.com/d/1CeEBSe6SYNa05NFhqWf4qUuHpbzkc9uP,SimPad Plus %232,1,614,Technology,Electronics
https://lh3.googleusercontent.com/d/1MRo2m8SOeasF6ucre3u1c8HBJvSBm4sX,Stethoscope %231,1,427,Medical Devices,Diagnostic
https://lh3.googleusercontent.com/d/1MRo2m8SOeasF6ucre3u1c8HBJvSBm4sX,Stethoscope %232,1,427,Medical Devices,Diagnostic
https://lh3.googleusercontent.com/d/1MRo2m8SOeasF6ucre3u1c8HBJvSBm4sX,Stethoscope %233,1,427,Medical Devices,Diagnostic
https://lh3.googleusercontent.com/d/1MRo2m8SOeasF6ucre3u1c8HBJvSBm4sX,Stethoscope %234,1,427,Medical Devices,Diagnostic
https://lh3.googleusercontent.com/d/1MRo2m8SOeasF6ucre3u1c8HBJvSBm4sX,Stethoscope %235,1,427,Medical Devices,Diagnostic
https://lh3.googleusercontent.com/d/1MRo2m8SOeasF6ucre3u1c8HBJvSBm4sX,Stethoscope %236,1,427,Medical Devices,Diagnostic
https://lh3.googleusercontent.com/d/1MRo2m8SOeasF6ucre3u1c8HBJvSBm4sX,Stethoscope %237,1,427,Medical Devices,Diagnostic
https://lh3.googleusercontent.com/d/1MRo2m8SOeasF6ucre3u1c8HBJvSBm4sX,Stethoscope %238,1,427,Medical Devices,Diagnostic
https://lh3.googleusercontent.com/d/1jiEDK1zwE70y3PEa6F5WxSMmv857mqpL,Recording,1,1001,Services,Video
https://lh3.googleusercontent.com/d/1rdH49G0clX45vODw7ak1QxbBHMtI3eHG,Live Streaming,1,1002,Services,Video
https://lh3.googleusercontent.com/d/1ZtcZqMXynbdfhDcp8Oroj7PP_BmawTPn,Zoom Meeting,1,1003,Services,Video
,Hematoma,1,2001,Moulage,Trauma
,Laceration,1,2002,Moulage,Trauma
,Bleed,1,2003,Moulage,Trauma
,SwollenLips,1,2004,Moulage,Rash
,Bruises,1,2005,Moulage,Trauma
,Caterpillar,1,2006,Moulage,FBAO
,TireMarks,1,2007,Moulage,Trauma
,Dogbite,1,2008,Moulage,Trauma
,Stab,1,2009,Moulage,Trauma
,Broken Ribs,1,2010,Moulage,Trauma
,Urticia,1,2011,Moulage,Rash
,Seatbelt,1,2012,Moulage,Trauma
,Ruptured Abdomen,1,2013,Moulage,Trauma
,Abrasions,1,2014,Moulage,Trauma
,Amputation,1,2015,Moulage,Trauma
,DeGloving,1,2016,Moulage,Trauma
,Dislocation,1,2017,Moulage,Trauma
,Open Fracture,1,2018,Moulage,Trauma
,Knee Injury,1,2019,Moulage,Trauma
,First Degree Burn,1,2020,Moulage,Burn
,Second Degree Burn,1,2021,Moulage,Burn
,Third Degree Burn,1,2022,Moulage,Burn
https://lh3.googleusercontent.com/d/1Ya60_Od3ugqqFgNqu8_afGNaEMxCIjWf,Zoom H6 Handy Recorder,1,615,Technology,Electronics
https://lh3.googleusercontent.com/d/1SnlTF1Sb0IcuUlzseioSFx2jFVmpuNBs,Power Extension Cord 10FT %231,1,616,Technology,Electronics
https://lh3.googleusercontent.com/d/1SnlTF1Sb0IcuUlzseioSFx2jFVmpuNBs,Power Extension Cord 10FT %232,1,616,Technology,Electronics
https://lh3.googleusercontent.com/d/1SnlTF1Sb0IcuUlzseioSFx2jFVmpuNBs,Power Extension Cord 10FT %233,1,616,Technology,Electronics
https://lh3.googleusercontent.com/d/1SnlTF1Sb0IcuUlzseioSFx2jFVmpuNBs,Power Extension Cord 10FT %234,1,616,Technology,Electronics
https://lh3.googleusercontent.com/d/1SnlTF1Sb0IcuUlzseioSFx2jFVmpuNBs,Power Extension Cord 10FT %235,1,616,Technology,Electronics
https://lh3.googleusercontent.com/d/1SnlTF1Sb0IcuUlzseioSFx2jFVmpuNBs,Power Extension Cord 10FT %236,1,616,Technology,Electronics
,Control Room E623,,E623,Rooms,Control Room
https://lh3.googleusercontent.com/d/1VqIFj9Q9xhyUicLBJOt7fPgX9f9gW2l6,Power Bar Surge Protector 30W %231,1,617,Technology,Electronics
https://lh3.googleusercontent.com/d/1VqIFj9Q9xhyUicLBJOt7fPgX9f9gW2l6,Power Bar Surge Protector 30W %232,1,617,Technology,Electronics
https://lh3.googleusercontent.com/d/1VqIFj9Q9xhyUicLBJOt7fPgX9f9gW2l6,Power Bar Surge Protector 30W %233,1,617,Technology,Electronics
https://lh3.googleusercontent.com/d/1VqIFj9Q9xhyUicLBJOt7fPgX9f9gW2l6,Power Bar Surge Protector 30W %234,1,617,Technology,Electronics
https://lh3.googleusercontent.com/d/1jRBmKZy04uRBzIaM3ljExCW1dwYe6PZP,Lego Game %231,1,307,Communication,Game
https://lh3.googleusercontent.com/d/1tOjHFaKpTf9pwIGl_zVngcSqQTAh6CBd,SmartLung Adult,1,428,Medical Devices,Diagnostic
https://lh3.googleusercontent.com/d/1lAD89bOdUvcBsGIbXeG3T428HabMW3Zv,EasyLung Neonatal,1,429,Medical Devices,Diagnostic
https://lh3.googleusercontent.com/d/135De3BPobrkXeqmnQndik9o7HqP4DcZW,FaceTime,1,1004,Services,Video
https://lh3.googleusercontent.com/d/1bip63i99iyptNyNSaI-ybL7-JF_o0q0Y,Blue Medicine Cart - Armstrong Medical Cart,2,504,Simulated Equipment,Carts
,Insta 360 One R,1,618,Technology,Electronics
https://lh3.googleusercontent.com/d/14j71IXBH35O5EgwMoM4V-BYVrp99GGwD,Dell Laptop %231,1,619,Technology,Electronics
https://lh3.googleusercontent.com/d/10KT2G7UWC_tUpodZf_qZ77teMTmccPIG,Pediatric Intubation Trainer Torso %232,3,216,Task Trainers,Airway
https://lh3.googleusercontent.com/d/10KT2G7UWC_tUpodZf_qZ77teMTmccPIG,Pediatric Intubation Trainer Torso %233,3,216,Task Trainers,Airway
